{
  "swagger": "2.0",
  "info": {
    "title": "as/external/api/device.proto",
    "version": "version not set"
  },
  "schemes": [
    "http",
    "https"
  ],
  "consumes": [
    "application/json"
  ],
  "produces": [
    "application/json"
  ],
  "paths": {
    "/api/devices": {
      "get": {
        "summary": "List returns the available devices.",
        "operationId": "List",
        "responses": {
          "200": {
            "description": "A successful response.",
            "schema": {
              "$ref": "#/definitions/apiListDeviceResponse"
            }
          }
        },
        "parameters": [
          {
            "name": "limit",
            "description": "Max number of devices to return in the result-set.",
            "in": "query",
            "required": false,
            "type": "string",
            "format": "int64"
          },
          {
            "name": "offset",
            "description": "Offset in the result-set (for pagination).",
            "in": "query",
            "required": false,
            "type": "string",
            "format": "int64"
          },
          {
            "name": "applicationID",
            "description": "Application ID to filter on.",
            "in": "query",
            "required": false,
            "type": "string",
            "format": "int64"
          },
          {
            "name": "search",
            "description": "Search on name or DevEUI.",
            "in": "query",
            "required": false,
            "type": "string"
          },
          {
            "name": "multicastGroupID",
            "description": "Multicast-group ID to filter on (string formatted UUID).",
            "in": "query",
            "required": false,
            "type": "string"
          },
          {
            "name": "serviceProfileID",
            "description": "Service-profile ID to filter on (string formatted UUID).",
            "in": "query",
            "required": false,
            "type": "string"
          }
        ],
        "tags": [
          "DeviceService"
        ]
      },
      "post": {
        "summary": "Create creates the given device.",
        "operationId": "Create",
        "responses": {
          "200": {
            "description": "A successful response.",
            "schema": {
              "properties": {}
            }
          }
        },
        "parameters": [
          {
            "name": "body",
            "in": "body",
            "required": true,
            "schema": {
              "$ref": "#/definitions/apiCreateDeviceRequest"
            }
          }
        ],
        "tags": [
          "DeviceService"
        ]
      }
    },
    "/api/devices/{dev_eui}": {
      "get": {
        "summary": "Get returns the device matching the given DevEUI.",
        "operationId": "Get",
        "responses": {
          "200": {
            "description": "A successful response.",
            "schema": {
              "$ref": "#/definitions/apiGetDeviceResponse"
            }
          }
        },
        "parameters": [
          {
            "name": "dev_eui",
            "description": "Device EUI (HEX encoded).",
            "in": "path",
            "required": true,
            "type": "string"
          }
        ],
        "tags": [
          "DeviceService"
        ]
      },
      "delete": {
        "summary": "Delete deletes the device matching the given DevEUI.",
        "operationId": "Delete",
        "responses": {
          "200": {
            "description": "A successful response.",
            "schema": {
              "properties": {}
            }
          }
        },
        "parameters": [
          {
            "name": "dev_eui",
            "description": "Device EUI (HEX encoded).",
            "in": "path",
            "required": true,
            "type": "string"
          }
        ],
        "tags": [
          "DeviceService"
        ]
      }
    },
    "/api/devices/{dev_eui}/activation": {
      "get": {
        "summary": "GetActivation returns the current activation details of the device (OTAA and ABP).",
        "operationId": "GetActivation",
        "responses": {
          "200": {
            "description": "A successful response.",
            "schema": {
              "$ref": "#/definitions/apiGetDeviceActivationResponse"
            }
          }
        },
        "parameters": [
          {
            "name": "dev_eui",
            "description": "Device EUI (HEX encoded).",
            "in": "path",
            "required": true,
            "type": "string"
          }
        ],
        "tags": [
          "DeviceService"
        ]
      },
      "delete": {
        "summary": "Deactivate de-activates the device.",
        "operationId": "Deactivate",
        "responses": {
          "200": {
            "description": "A successful response.",
            "schema": {
              "properties": {}
            }
          }
        },
        "parameters": [
          {
            "name": "dev_eui",
            "description": "Device EUI (HEX encoded).",
            "in": "path",
            "required": true,
            "type": "string"
          }
        ],
        "tags": [
          "DeviceService"
        ]
      }
    },
    "/api/devices/{dev_eui}/events": {
      "get": {
        "summary": "StreamEventLogs stream the device events (uplink payloads, ACKs, joins, errors).\n  * This endpoint is intended for debugging only.\n  * This endpoint does not work from a web-browser.",
        "operationId": "StreamEventLogs",
        "responses": {
          "200": {
            "description": "A successful response.(streaming responses)",
            "schema": {
              "$ref": "#/x-stream-definitions/apiStreamDeviceEventLogsResponse"
            }
          }
        },
        "parameters": [
          {
            "name": "dev_eui",
            "description": "Device EUI (HEX encoded).",
            "in": "path",
            "required": true,
            "type": "string"
          }
        ],
        "tags": [
          "DeviceService"
        ]
      }
    },
    "/api/devices/{dev_eui}/frames": {
      "get": {
        "summary": "StreamFrameLogs streams the uplink and downlink frame-logs for the given DevEUI.\n  * These are the raw LoRaWAN frames and this endpoint is intended for debugging only.\n  * This endpoint does not work from a web-browser.",
        "operationId": "StreamFrameLogs",
        "responses": {
          "200": {
            "description": "A successful response.(streaming responses)",
            "schema": {
              "$ref": "#/x-stream-definitions/apiStreamDeviceFrameLogsResponse"
            }
          }
        },
        "parameters": [
          {
            "name": "dev_eui",
            "description": "Device EUI (HEX encoded).",
            "in": "path",
            "required": true,
            "type": "string"
          }
        ],
        "tags": [
          "DeviceService"
        ]
      }
    },
    "/api/devices/{dev_eui}/getRandomDevAddr": {
      "post": {
        "summary": "GetRandomDevAddr returns a random DevAddr taking the NwkID prefix into account.",
        "operationId": "GetRandomDevAddr",
        "responses": {
          "200": {
            "description": "A successful response.",
            "schema": {
              "$ref": "#/definitions/apiGetRandomDevAddrResponse"
            }
          }
        },
        "parameters": [
          {
            "name": "dev_eui",
            "description": "Device EUI (HEX encoded).",
            "in": "path",
            "required": true,
            "type": "string"
          }
        ],
        "tags": [
          "DeviceService"
        ]
      }
    },
    "/api/devices/{dev_eui}/keys": {
      "get": {
        "summary": "GetKeys returns the device-keys for the given DevEUI.",
        "operationId": "GetKeys",
        "responses": {
          "200": {
            "description": "A successful response.",
            "schema": {
              "$ref": "#/definitions/apiGetDeviceKeysResponse"
            }
          }
        },
        "parameters": [
          {
            "name": "dev_eui",
            "description": "Device EUI (HEX encoded).",
            "in": "path",
            "required": true,
            "type": "string"
          }
        ],
        "tags": [
          "DeviceService"
        ]
      },
      "delete": {
        "summary": "DeleteKeys deletes the device-keys for the given DevEUI.",
        "operationId": "DeleteKeys",
        "responses": {
          "200": {
            "description": "A successful response.",
            "schema": {
              "properties": {}
            }
          }
        },
        "parameters": [
          {
            "name": "dev_eui",
            "description": "Device EUI (HEX encoded).",
            "in": "path",
            "required": true,
            "type": "string"
          }
        ],
        "tags": [
          "DeviceService"
        ]
      }
    },
    "/api/devices/{device.dev_eui}": {
      "put": {
        "summary": "Update updates the device matching the given DevEUI.",
        "operationId": "Update",
        "responses": {
          "200": {
            "description": "A successful response.",
            "schema": {
              "properties": {}
            }
          }
        },
        "parameters": [
          {
            "name": "device.dev_eui",
            "description": "Device EUI (HEX encoded).",
            "in": "path",
            "required": true,
            "type": "string"
          },
          {
            "name": "body",
            "in": "body",
            "required": true,
            "schema": {
              "$ref": "#/definitions/apiUpdateDeviceRequest"
            }
          }
        ],
        "tags": [
          "DeviceService"
        ]
      }
    },
    "/api/devices/{device_activation.dev_eui}/activate": {
      "post": {
        "summary": "Activate (re)activates the device (only when ABP is set to true).",
        "operationId": "Activate",
        "responses": {
          "200": {
            "description": "A successful response.",
            "schema": {
              "properties": {}
            }
          }
        },
        "parameters": [
          {
            "name": "device_activation.dev_eui",
            "description": "Device EUI (HEX encoded).",
            "in": "path",
            "required": true,
            "type": "string"
          },
          {
            "name": "body",
            "in": "body",
            "required": true,
            "schema": {
              "$ref": "#/definitions/apiActivateDeviceRequest"
            }
          }
        ],
        "tags": [
          "DeviceService"
        ]
      }
    },
    "/api/devices/{device_keys.dev_eui}/keys": {
      "post": {
        "summary": "CreateKeys creates the given device-keys.",
        "operationId": "CreateKeys",
        "responses": {
          "200": {
            "description": "A successful response.",
            "schema": {
              "properties": {}
            }
          }
        },
        "parameters": [
          {
            "name": "device_keys.dev_eui",
            "description": "Device EUI (HEX encoded).",
            "in": "path",
            "required": true,
            "type": "string"
          },
          {
            "name": "body",
            "in": "body",
            "required": true,
            "schema": {
              "$ref": "#/definitions/apiCreateDeviceKeysRequest"
            }
          }
        ],
        "tags": [
          "DeviceService"
        ]
      },
      "put": {
        "summary": "UpdateKeys updates the device-keys.",
        "operationId": "UpdateKeys",
        "responses": {
          "200": {
            "description": "A successful response.",
            "schema": {
              "properties": {}
            }
          }
        },
        "parameters": [
          {
            "name": "device_keys.dev_eui",
            "description": "Device EUI (HEX encoded).",
            "in": "path",
            "required": true,
            "type": "string"
          },
          {
            "name": "body",
            "in": "body",
            "required": true,
            "schema": {
              "$ref": "#/definitions/apiUpdateDeviceKeysRequest"
            }
          }
        ],
        "tags": [
          "DeviceService"
        ]
      }
    }
  },
  "definitions": {
    "apiActivateDeviceRequest": {
      "type": "object",
      "properties": {
        "deviceActivation": {
          "$ref": "#/definitions/apiDeviceActivation"
        }
      }
    },
    "apiCreateDeviceKeysRequest": {
      "type": "object",
      "properties": {
        "deviceKeys": {
          "$ref": "#/definitions/apiDeviceKeys",
          "description": "Device-keys object to create."
        }
      }
    },
    "apiCreateDeviceRequest": {
      "type": "object",
      "properties": {
        "device": {
          "$ref": "#/definitions/apiDevice",
          "description": "Device object to create."
        }
      }
    },
    "apiDevice": {
      "type": "object",
      "properties": {
        "devEUI": {
          "type": "string",
          "description": "Device EUI (HEX encoded)."
        },
        "name": {
          "type": "string",
          "description": "Name of the device (if left blank, it will be set to the DevEUI)."
        },
        "applicationID": {
          "type": "string",
          "format": "int64",
          "description": "ID of the application to which the device must be added.\nIt is possible to move a device to a different application on update,\ngiven that both the old and the new application share the same\nservice-profile."
        },
        "description": {
          "type": "string",
          "description": "Description of the device."
        },
        "deviceProfileID": {
          "type": "string",
          "description": "DeviceProfileID attached to the device."
        },
        "skipFCntCheck": {
          "type": "boolean",
          "format": "boolean",
          "description": "Skip frame-counter checks (this is insecure, but could be helpful for debugging)."
        },
        "referenceAltitude": {
          "type": "number",
          "format": "double",
          "description": "Reference altitude.\nWhen using geolocation, this altitude will be used as a reference\n(when supported by the geolocation-server) to increase geolocation\naccuracy."
        },
        "variables": {
          "type": "object",
          "additionalProperties": {
            "type": "string"
          },
          "description": "Variables (user defined).\nThese variables can be used together with integrations to store tokens /\nsecrets that must be configured per device. These variables are not\nexposed in the event payloads."
        },
        "tags": {
          "type": "object",
          "additionalProperties": {
            "type": "string"
          },
          "description": "Tags (user defined).\nThese tags are exposed in the event payloads or to integration. Tags are\nintended for aggregation and filtering."
        }
      }
    },
    "apiDeviceActivation": {
      "type": "object",
      "properties": {
        "devEUI": {
          "type": "string",
          "description": "Device EUI (HEX encoded)."
        },
        "devAddr": {
          "type": "string",
          "description": "Device address (HEX encoded)."
        },
        "appSKey": {
          "type": "string",
          "description": "Application session key (HEX encoded)."
        },
        "nwkSEncKey": {
          "type": "string",
          "description": "Network session encryption key (HEX encoded)."
        },
        "sNwkSIntKey": {
          "type": "string",
          "description": "Serving network session integrity key (HEX encoded)."
        },
        "fNwkSIntKey": {
          "type": "string",
          "description": "Forwarding network session integrity key (HEX encoded)."
        },
        "fCntUp": {
          "type": "integer",
          "format": "int64",
          "description": "Uplink frame-counter."
        },
        "nFCntDown": {
          "type": "integer",
          "format": "int64",
          "description": "Downlink network frame-counter."
        },
        "aFCntDown": {
          "type": "integer",
          "format": "int64",
          "description": "Downlink application frame-counter."
        }
      }
    },
    "apiDeviceKeys": {
      "type": "object",
      "properties": {
        "devEUI": {
          "type": "string",
          "description": "Device EUI (HEX encoded)."
        },
        "nwkKey": {
          "type": "string",
          "title": "Network root key (HEX encoded).\nNote: For LoRaWAN 1.0.x, use this field for the LoRaWAN 1.0.x 'AppKey`!"
        },
        "appKey": {
          "type": "string",
          "title": "Application root key (HEX encoded).\nNote: This field only needs to be set for LoRaWAN 1.1.x devices!"
        },
        "genAppKey": {
          "type": "string",
          "description": "Gen application key (HEX encoded).\nThis is an optional key that only must be set for LORaWAN 1.0.x devices\nthat implement the remote multicast setup specification."
        }
      }
    },
    "apiDeviceListItem": {
      "type": "object",
      "properties": {
        "devEUI": {
          "type": "string",
          "description": "Device EUI (HEX encoded)."
        },
        "name": {
          "type": "string",
          "description": "Name of the device."
        },
        "applicationID": {
          "type": "string",
          "format": "int64",
          "description": "Application ID."
        },
        "description": {
          "type": "string",
          "description": "Description of the device."
        },
        "deviceProfileID": {
          "type": "string",
          "description": "Device-profile ID attached to the device."
        },
        "deviceProfileName": {
          "type": "string",
          "description": "Device-profile name."
        },
        "deviceStatusBattery": {
          "type": "integer",
          "format": "int64",
          "description": "The device battery status (deprecated, use device_status_battery_level).\n0:      The end-device is connected to an external power source\n1..254: The battery level, 1 being at minimum and 254 being at maximum\n255:    The end-device was not able to measure the battery level\n256:    The device-status is not available."
        },
        "deviceStatusMargin": {
          "type": "integer",
          "format": "int32",
          "description": "The device margin status\n-32..32: The demodulation SNR ration in dB\n256:     The device-status is not available."
        },
        "deviceStatusExternalPowerSource": {
          "type": "boolean",
          "format": "boolean",
          "description": "Device is connected to an external power source."
        },
        "deviceStatusBatteryLevelUnavailable": {
          "type": "boolean",
          "format": "boolean",
          "description": "Device battery status is unavailable."
        },
        "deviceStatusBatteryLevel": {
          "type": "number",
          "format": "float",
          "description": "Device battery level as a percentage."
        },
        "lastSeenAt": {
          "type": "string",
          "format": "date-time",
          "description": "The last time the application-server received any data from the device,\nor an empty string when the device never sent any data."
        }
      }
    },
    "apiDownlinkFrameLog": {
      "type": "object",
      "properties": {
        "txInfo": {
          "$ref": "#/definitions/gwDownlinkTXInfo",
          "description": "TX information of the downlink."
        },
        "phyPayloadJSON": {
          "type": "string",
          "description": "LoRaWAN PHYPayload."
        }
      }
    },
    "apiGetDeviceActivationResponse": {
      "type": "object",
      "properties": {
        "deviceActivation": {
          "$ref": "#/definitions/apiDeviceActivation",
          "description": "Device-activation object."
        }
      }
    },
    "apiGetDeviceKeysResponse": {
      "type": "object",
      "properties": {
        "deviceKeys": {
          "$ref": "#/definitions/apiDeviceKeys",
          "description": "Device-key object."
        }
      }
    },
    "apiGetDeviceResponse": {
      "type": "object",
      "properties": {
        "device": {
          "$ref": "#/definitions/apiDevice",
          "description": "Device object."
        },
        "lastSeenAt": {
          "type": "string",
          "format": "date-time",
          "description": "Last seen timestamp."
        },
        "deviceStatusBattery": {
          "type": "integer",
          "format": "int64",
          "description": "The device battery status\n0:      The end-device is connected to an external power source\n1..254: The battery level, 1 being at minimum and 254 being at maximum\n255:    The end-device was not able to measure the battery level\n256:    The device-status is not available."
        },
        "deviceStatusMargin": {
          "type": "integer",
          "format": "int32",
          "description": "The device margin status\n-32..32: The demodulation SNR ration in dB\n256:     The device-status is not available."
        },
        "location": {
          "$ref": "#/definitions/commonLocation",
          "description": "Device location.\nThis will set when the network-server was able to resolve the location\nusing the geolocation-server."
        }
      }
    },
    "apiGetRandomDevAddrResponse": {
      "type": "object",
      "properties": {
        "devAddr": {
          "type": "string",
          "description": "Device address (HEX encoded)."
        }
      }
    },
    "apiListDeviceResponse": {
      "type": "object",
      "properties": {
        "totalCount": {
          "type": "string",
          "format": "int64",
          "description": "Total number of devices available within the result-set."
        },
        "result": {
          "type": "array",
          "items": {
            "$ref": "#/definitions/apiDeviceListItem"
          },
          "description": "Devices within this result-set."
        }
      }
    },
    "apiStreamDeviceEventLogsResponse": {
      "type": "object",
      "properties": {
        "type": {
          "type": "string",
          "description": "The event type."
        },
        "payloadJSON": {
          "type": "string",
          "description": "The event payload in JSON encoding."
        }
      }
    },
    "apiStreamDeviceFrameLogsResponse": {
      "type": "object",
      "properties": {
        "uplinkFrame": {
          "$ref": "#/definitions/apiUplinkFrameLog",
          "description": "Contains an uplink frame."
        },
        "downlinkFrame": {
          "$ref": "#/definitions/apiDownlinkFrameLog",
          "description": "Contains a downlink frame."
        }
      }
    },
    "apiUpdateDeviceKeysRequest": {
      "type": "object",
      "properties": {
        "deviceKeys": {
          "$ref": "#/definitions/apiDeviceKeys",
          "description": "Device-keys object to update."
        }
      }
    },
    "apiUpdateDeviceRequest": {
      "type": "object",
      "properties": {
        "device": {
          "$ref": "#/definitions/apiDevice",
          "description": "Device object to update."
        }
      }
    },
    "apiUplinkFrameLog": {
      "type": "object",
      "properties": {
        "txInfo": {
          "$ref": "#/definitions/gwUplinkTXInfo",
          "description": "TX information of the uplink."
        },
        "rxInfo": {
          "type": "array",
          "items": {
            "$ref": "#/definitions/gwUplinkRXInfo"
          },
          "description": "RX information of the uplink."
        },
        "phyPayloadJSON": {
          "type": "string",
          "description": "LoRaWAN PHYPayload."
        }
      }
    },
    "commonLocation": {
      "type": "object",
      "properties": {
        "latitude": {
          "type": "number",
          "format": "double",
          "description": "Latitude."
        },
        "longitude": {
          "type": "number",
          "format": "double",
          "description": "Longitude."
        },
        "altitude": {
          "type": "number",
          "format": "double",
          "description": "Altitude."
        },
        "source": {
          "$ref": "#/definitions/commonLocationSource",
          "description": "Location source."
        },
        "accuracy": {
          "type": "integer",
          "format": "int64",
          "description": "Accuracy (in meters)."
        }
      }
    },
    "commonLocationSource": {
      "type": "string",
      "enum": [
        "UNKNOWN",
        "GPS",
        "CONFIG",
        "GEO_RESOLVER"
      ],
      "default": "UNKNOWN",
      "description": " - UNKNOWN: Unknown.\n - GPS: GPS.\n - CONFIG: Manually configured.\n - GEO_RESOLVER: Geo resolver."
    },
    "commonModulation": {
      "type": "string",
      "enum": [
        "LORA",
        "FSK"
      ],
      "default": "LORA",
      "title": "- LORA: LoRa\n - FSK: FSK"
    },
    "gwCRCStatus": {
      "type": "string",
      "enum": [
        "NO_CRC",
        "BAD_CRC",
        "CRC_OK"
      ],
      "default": "NO_CRC",
      "description": " - NO_CRC: No CRC.\n - BAD_CRC: Bad CRC.\n - CRC_OK: CRC OK."
    },
    "gwDelayTimingInfo": {
      "type": "object",
      "properties": {
        "delay": {
          "type": "string",
          "description": "Delay (duration).\nThe delay will be added to the gateway internal timing, provided by the context object."
        }
      }
    },
    "gwDownlinkTXInfo": {
      "type": "object",
      "properties": {
        "gatewayID": {
          "type": "string",
          "format": "byte",
          "description": "Gateway ID."
        },
        "frequency": {
          "type": "integer",
          "format": "int64",
          "description": "TX frequency (in Hz)."
        },
        "power": {
          "type": "integer",
          "format": "int32",
          "description": "TX power (in dBm)."
        },
        "modulation": {
          "$ref": "#/definitions/commonModulation",
          "description": "Modulation."
        },
        "loRaModulationInfo": {
          "$ref": "#/definitions/gwLoRaModulationInfo",
          "description": "LoRa modulation information."
        },
        "fskModulationInfo": {
          "$ref": "#/definitions/gwFSKModulationInfo",
          "description": "FSK modulation information."
        },
        "board": {
          "type": "integer",
          "format": "int64",
          "description": "The board identifier for emitting the frame."
        },
        "antenna": {
          "type": "integer",
          "format": "int64",
          "description": "The antenna identifier for emitting the frame."
        },
        "timing": {
          "$ref": "#/definitions/gwDownlinkTiming",
          "description": "Timing defines the downlink timing to use."
        },
        "immediatelyTimingInfo": {
          "$ref": "#/definitions/gwImmediatelyTimingInfo",
          "description": "Immediately timing information."
        },
        "delayTimingInfo": {
          "$ref": "#/definitions/gwDelayTimingInfo",
          "description": "Context based delay timing information."
        },
        "gpsEpochTimingInfo": {
          "$ref": "#/definitions/gwGPSEpochTimingInfo",
          "description": "GPS Epoch timing information."
        },
        "context": {
          "type": "string",
          "format": "byte",
          "description": "Gateway specific context.\nIn case of a Class-A downlink, this contains a copy of the uplink context."
        }
      }
    },
    "gwDownlinkTiming": {
      "type": "string",
      "enum": [
        "IMMEDIATELY",
        "DELAY",
        "GPS_EPOCH"
      ],
      "default": "IMMEDIATELY",
      "description": " - IMMEDIATELY: Send the downlink immediately.\n - DELAY: Send downlink at the given delay (based on provided context).\n - GPS_EPOCH: Send at given GPS epoch value."
    },
    "gwEncryptedFineTimestamp": {
      "type": "object",
      "properties": {
        "aesKeyIndex": {
          "type": "integer",
          "format": "int64",
          "description": "AES key index used for encrypting the fine timestamp."
        },
        "encryptedNS": {
          "type": "string",
          "format": "byte",
          "description": "Encrypted 'main' fine-timestamp (ns precision part of the timestamp)."
        },
        "fpgaID": {
          "type": "string",
          "format": "byte",
          "description": "FPGA ID."
        }
      }
    },
    "gwFSKModulationInfo": {
      "type": "object",
      "properties": {
        "frequencyDeviation": {
          "type": "integer",
          "format": "int64",
          "description": "Frequency deviation."
        },
        "datarate": {
          "type": "integer",
          "format": "int64",
          "description": "FSK datarate (bits / sec)."
        }
      }
    },
    "gwFineTimestampType": {
      "type": "string",
      "enum": [
        "NONE",
        "ENCRYPTED",
        "PLAIN"
      ],
      "default": "NONE",
      "description": " - NONE: No fine-timestamp available.\n - ENCRYPTED: Encrypted fine-timestamp.\n - PLAIN: Plain fine-timestamp."
    },
    "gwGPSEpochTimingInfo": {
      "type": "object",
      "properties": {
        "timeSinceGPSEpoch": {
          "type": "string",
          "description": "Duration since GPS Epoch."
        }
      }
    },
    "gwImmediatelyTimingInfo": {
      "type": "object"
    },
    "gwLoRaModulationInfo": {
      "type": "object",
      "properties": {
        "bandwidth": {
          "type": "integer",
          "format": "int64",
          "description": "Bandwidth."
        },
        "spreadingFactor": {
          "type": "integer",
          "format": "int64",
          "description": "Speading-factor."
        },
        "codeRate": {
          "type": "string",
          "description": "Code-rate."
        },
        "polarizationInversion": {
          "type": "boolean",
          "format": "boolean",
          "description": "Polarization inversion."
        }
      }
    },
    "gwPlainFineTimestamp": {
      "type": "object",
      "properties": {
        "time": {
          "type": "string",
          "format": "date-time",
          "description": "Full timestamp."
        }
      }
    },
    "gwUplinkRXInfo": {
      "type": "object",
      "properties": {
        "gatewayID": {
          "type": "string",
          "format": "byte",
          "description": "Gateway ID."
        },
        "time": {
          "type": "string",
          "format": "date-time",
          "description": "RX time (only set when the gateway has a GPS module)."
        },
        "timeSinceGPSEpoch": {
          "type": "string",
          "description": "RX time since GPS epoch (only set when the gateway has a GPS module)."
        },
        "rssi": {
          "type": "integer",
          "format": "int32",
          "description": "RSSI."
        },
        "loRaSNR": {
          "type": "number",
          "format": "double",
          "description": "LoRa SNR."
        },
        "channel": {
          "type": "integer",
          "format": "int64",
          "description": "Channel."
        },
        "rfChain": {
          "type": "integer",
          "format": "int64",
          "description": "RF Chain."
        },
        "board": {
          "type": "integer",
          "format": "int64",
          "description": "Board."
        },
        "antenna": {
          "type": "integer",
          "format": "int64",
          "description": "Antenna."
        },
        "location": {
          "$ref": "#/definitions/commonLocation",
          "description": "Location."
        },
        "fineTimestampType": {
          "$ref": "#/definitions/gwFineTimestampType",
          "description": "Fine-timestamp type."
        },
        "encryptedFineTimestamp": {
          "$ref": "#/definitions/gwEncryptedFineTimestamp",
          "description": "Encrypted fine-timestamp data."
        },
        "plainFineTimestamp": {
          "$ref": "#/definitions/gwPlainFineTimestamp",
          "description": "Plain fine-timestamp data."
        },
        "context": {
          "type": "string",
          "format": "byte",
          "description": "Gateway specific context."
        },
        "uplinkID": {
          "type": "string",
          "format": "byte",
          "description": "Uplink ID (UUID bytes).\nUnique and random ID which can be used to correlate the uplink across multiple logs."
        },
        "crcStatus": {
          "$ref": "#/definitions/gwCRCStatus",
          "description": "CRC status."
        }
      }
    },
    "gwUplinkTXInfo": {
      "type": "object",
      "properties": {
        "frequency": {
          "type": "integer",
          "format": "int64",
          "description": "Frequency (Hz)."
        },
        "modulation": {
          "$ref": "#/definitions/commonModulation",
          "description": "Modulation."
        },
        "loRaModulationInfo": {
          "$ref": "#/definitions/gwLoRaModulationInfo",
          "description": "LoRa modulation information."
        },
        "fskModulationInfo": {
          "$ref": "#/definitions/gwFSKModulationInfo",
          "description": "FSK modulation information."
        }
      }
    },
    "protobufAny": {
      "type": "object",
      "properties": {
        "typeUrl": {
          "type": "string"
        },
        "value": {
          "type": "string",
          "format": "byte"
        }
      }
    },
    "runtimeStreamError": {
      "type": "object",
      "properties": {
        "grpcCode": {
          "type": "integer",
          "format": "int32"
        },
        "httpCode": {
          "type": "integer",
          "format": "int32"
        },
        "message": {
          "type": "string"
        },
        "httpStatus": {
          "type": "string"
        },
        "details": {
          "type": "array",
          "items": {
            "$ref": "#/definitions/protobufAny"
          }
        }
      }
    }
  },
  "x-stream-definitions": {
    "apiStreamDeviceEventLogsResponse": {
      "type": "object",
      "properties": {
        "result": {
          "$ref": "#/definitions/apiStreamDeviceEventLogsResponse"
        },
        "error": {
          "$ref": "#/definitions/runtimeStreamError"
        }
      },
      "title": "Stream result of apiStreamDeviceEventLogsResponse"
    },
    "apiStreamDeviceFrameLogsResponse": {
      "type": "object",
      "properties": {
        "result": {
          "$ref": "#/definitions/apiStreamDeviceFrameLogsResponse"
        },
        "error": {
          "$ref": "#/definitions/runtimeStreamError"
        }
      },
      "title": "Stream result of apiStreamDeviceFrameLogsResponse"
    }
  }
}
