{
  "swagger": "2.0",
  "info": {
    "title": "as/external/api/deviceProfile.proto",
    "version": "version not set"
  },
  "schemes": [
    "http",
    "https"
  ],
  "consumes": [
    "application/json"
  ],
  "produces": [
    "application/json"
  ],
  "paths": {
    "/api/device-profiles": {
      "get": {
        "summary": "List lists the available device-profiles.",
        "operationId": "List",
        "responses": {
          "200": {
            "description": "A successful response.",
            "schema": {
              "$ref": "#/definitions/apiListDeviceProfileResponse"
            }
          }
        },
        "parameters": [
          {
            "name": "limit",
            "description": "Max number of items to return.",
            "in": "query",
            "required": false,
            "type": "string",
            "format": "int64"
          },
          {
            "name": "offset",
            "description": "Offset in the result-set (for pagination).",
            "in": "query",
            "required": false,
            "type": "string",
            "format": "int64"
          },
          {
            "name": "organizationID",
            "description": "Organization id to filter on.",
            "in": "query",
            "required": false,
            "type": "string",
            "format": "int64"
          },
          {
            "name": "applicationID",
            "description": "Application id to filter on.",
            "in": "query",
            "required": false,
            "type": "string",
            "format": "int64"
          }
        ],
        "tags": [
          "DeviceProfileService"
        ]
      },
      "post": {
        "summary": "Create creates the given device-profile.",
        "operationId": "Create",
        "responses": {
          "200": {
            "description": "A successful response.",
            "schema": {
              "$ref": "#/definitions/apiCreateDeviceProfileResponse"
            }
          }
        },
        "parameters": [
          {
            "name": "body",
            "in": "body",
            "required": true,
            "schema": {
              "$ref": "#/definitions/apiCreateDeviceProfileRequest"
            }
          }
        ],
        "tags": [
          "DeviceProfileService"
        ]
      }
    },
    "/api/device-profiles/{device_profile.id}": {
      "put": {
        "summary": "Update updates the given device-profile.",
        "operationId": "Update",
        "responses": {
          "200": {
            "description": "A successful response.",
            "schema": {
              "properties": {}
            }
          }
        },
        "parameters": [
          {
            "name": "device_profile.id",
            "description": "Device-profile ID (UUID string).",
            "in": "path",
            "required": true,
            "type": "string"
          },
          {
            "name": "body",
            "in": "body",
            "required": true,
            "schema": {
              "$ref": "#/definitions/apiUpdateDeviceProfileRequest"
            }
          }
        ],
        "tags": [
          "DeviceProfileService"
        ]
      }
    },
    "/api/device-profiles/{id}": {
      "get": {
        "summary": "Get returns the device-profile matching the given id.",
        "operationId": "Get",
        "responses": {
          "200": {
            "description": "A successful response.",
            "schema": {
              "$ref": "#/definitions/apiGetDeviceProfileResponse"
            }
          }
        },
        "parameters": [
          {
            "name": "id",
            "description": "Device-profile ID (UUID string).",
            "in": "path",
            "required": true,
            "type": "string"
          }
        ],
        "tags": [
          "DeviceProfileService"
        ]
      },
      "delete": {
        "summary": "Delete deletes the device-profile matching the given id.",
        "operationId": "Delete",
        "responses": {
          "200": {
            "description": "A successful response.",
            "schema": {
              "properties": {}
            }
          }
        },
        "parameters": [
          {
            "name": "id",
            "description": "Device-profile ID (UUID string).",
            "in": "path",
            "required": true,
            "type": "string"
          }
        ],
        "tags": [
          "DeviceProfileService"
        ]
      }
    }
  },
  "definitions": {
    "apiCreateDeviceProfileRequest": {
      "type": "object",
      "properties": {
        "deviceProfile": {
          "$ref": "#/definitions/apiDeviceProfile",
          "description": "Device-profile object to create."
        }
      }
    },
    "apiCreateDeviceProfileResponse": {
      "type": "object",
      "properties": {
        "id": {
          "type": "string",
          "description": "Device-profile ID (UUID string)."
        }
      }
    },
    "apiDeviceProfile": {
      "type": "object",
      "properties": {
        "id": {
          "type": "string",
          "description": "Device-profile ID (UUID string)."
        },
        "name": {
          "type": "string",
          "description": "Device-profile name."
        },
        "organizationID": {
          "type": "string",
          "format": "int64",
          "description": "Organization ID to which the service-profile is assigned."
        },
        "networkServerID": {
          "type": "string",
          "format": "int64",
          "description": "Network-server ID on which the service-profile is provisioned."
        },
        "supportsClassB": {
          "type": "boolean",
          "format": "boolean",
          "description": "End-Device supports Class B."
        },
        "classBTimeout": {
          "type": "integer",
          "format": "int64",
          "description": "Maximum delay for the End-Device to answer a MAC request or a confirmed DL frame (mandatory if class B mode supported)."
        },
        "pingSlotPeriod": {
          "type": "integer",
          "format": "int64",
          "description": "Mandatory if class B mode supported."
        },
        "pingSlotDR": {
          "type": "integer",
          "format": "int64",
          "description": "Mandatory if class B mode supported."
        },
        "pingSlotFreq": {
          "type": "integer",
          "format": "int64",
          "description": "Mandatory if class B mode supported."
        },
        "supportsClassC": {
          "type": "boolean",
          "format": "boolean",
          "description": "End-Device supports Class C."
        },
        "classCTimeout": {
          "type": "integer",
          "format": "int64",
          "description": "Maximum delay for the End-Device to answer a MAC request or a confirmed DL frame (mandatory if class C mode supported)."
        },
        "macVersion": {
          "type": "string",
          "description": "Version of the LoRaWAN supported by the End-Device."
        },
        "regParamsRevision": {
          "type": "string",
          "description": "Revision of the Regional Parameters document supported by the End-Device."
        },
        "rxDelay1": {
          "type": "integer",
          "format": "int64",
          "description": "Class A RX1 delay (mandatory for ABP)."
        },
        "rxDROffset1": {
          "type": "integer",
          "format": "int64",
          "description": "RX1 data rate offset (mandatory for ABP)."
        },
        "rxDataRate2": {
          "type": "integer",
          "format": "int64",
          "description": "RX2 data rate (mandatory for ABP)."
        },
        "rxFreq2": {
          "type": "integer",
          "format": "int64",
          "description": "RX2 channel frequency (mandatory for ABP)."
        },
        "factoryPresetFreqs": {
          "type": "array",
          "items": {
            "type": "integer",
            "format": "int64"
          },
          "description": "List of factory-preset frequencies (mandatory for ABP)."
        },
        "maxEIRP": {
          "type": "integer",
          "format": "int64",
          "description": "Maximum EIRP supported by the End-Device."
        },
        "maxDutyCycle": {
          "type": "integer",
          "format": "int64",
          "description": "Maximum duty cycle supported by the End-Device."
        },
        "supportsJoin": {
          "type": "boolean",
          "format": "boolean",
          "description": "End-Device supports Join (OTAA) or not (ABP)."
        },
        "rfRegion": {
          "type": "string",
          "description": "RF region name."
        },
        "supports32BitFCnt": {
          "type": "boolean",
          "format": "boolean",
          "description": "End-Device uses 32bit FCnt (mandatory for LoRaWAN 1.0 End-Device)."
        },
        "payloadCodec": {
          "type": "string",
          "description": "Payload codec.\nLeave blank to disable the codec feature."
        },
        "payloadEncoderScript": {
          "type": "string",
          "description": "Payload encoder script.\nDepending the codec, it is possible to provide a script which implements\nthe encoder function."
        },
        "payloadDecoderScript": {
          "type": "string",
          "description": "Payload decoder script.\nDepending the codec, it is possible to provide a script which implements\nthe decoder function."
        },
        "geolocBufferTTL": {
          "type": "integer",
          "format": "int64",
          "description": "Geolocation buffer TTL (in seconds).\nWhen \u003e 0, uplink RX meta-data will be stored in a buffer so that\nthe meta-data of multiple uplinks can be used for geolocation."
        },
        "geolocMinBufferSize": {
          "type": "integer",
          "format": "int64",
          "description": "Geolocation minimum buffer size.\nWhen \u003e 0, geolocation will only be performed when the buffer has\nat least the given size."
        },
        "tags": {
          "type": "object",
          "additionalProperties": {
            "type": "string"
          },
          "description": "User defined tags."
        }
      }
    },
    "apiDeviceProfileListItem": {
      "type": "object",
      "properties": {
        "id": {
          "type": "string",
          "description": "Device-profile ID (UUID string)."
        },
        "name": {
          "type": "string",
          "description": "Device-profile name."
        },
        "organizationID": {
          "type": "string",
          "format": "int64",
          "description": "Organization ID."
        },
        "networkServerID": {
          "type": "string",
          "format": "int64",
          "description": "Network-server ID."
        },
        "createdAt": {
          "type": "string",
          "format": "date-time",
          "description": "Created at timestamp."
        },
        "updatedAt": {
          "type": "string",
          "format": "date-time",
          "description": "Last update timestamp."
        }
      }
    },
    "apiGetDeviceProfileResponse": {
      "type": "object",
      "properties": {
        "deviceProfile": {
          "$ref": "#/definitions/apiDeviceProfile",
          "description": "Device-profile object."
        },
        "createdAt": {
          "type": "string",
          "format": "date-time",
          "description": "Created at timestamp."
        },
        "updatedAt": {
          "type": "string",
          "format": "date-time",
          "description": "Last update timestamp."
        }
      }
    },
    "apiListDeviceProfileResponse": {
      "type": "object",
      "properties": {
        "totalCount": {
          "type": "string",
          "format": "int64",
          "description": "Total number of device-profiles."
        },
        "result": {
          "type": "array",
          "items": {
            "$ref": "#/definitions/apiDeviceProfileListItem"
          }
        }
      }
    },
    "apiUpdateDeviceProfileRequest": {
      "type": "object",
      "properties": {
        "deviceProfile": {
          "$ref": "#/definitions/apiDeviceProfile",
          "description": "Device-profile object to update."
        }
      }
    }
  }
}
