{
  "swagger": "2.0",
  "info": {
    "title": "as/external/api/deviceQueue.proto",
    "version": "version not set"
  },
  "schemes": [
    "http",
    "https"
  ],
  "consumes": [
    "application/json"
  ],
  "produces": [
    "application/json"
  ],
  "paths": {
    "/api/devices/{dev_eui}/queue": {
      "get": {
        "summary": "List lists the items in the device-queue.",
        "operationId": "List",
        "responses": {
          "200": {
            "description": "A successful response.",
            "schema": {
              "$ref": "#/definitions/apiListDeviceQueueItemsResponse"
            }
          }
        },
        "parameters": [
          {
            "name": "dev_eui",
            "description": "Device EUI (HEX encoded).",
            "in": "path",
            "required": true,
            "type": "string"
          },
          {
            "name": "countOnly",
            "description": "Return only the count, not the result-set.",
            "in": "query",
            "required": false,
            "type": "boolean",
            "format": "boolean"
          }
        ],
        "tags": [
          "DeviceQueueService"
        ]
      },
      "delete": {
        "summary": "Flush flushes the downlink device-queue.",
        "operationId": "Flush",
        "responses": {
          "200": {
            "description": "A successful response.",
            "schema": {
              "properties": {}
            }
          }
        },
        "parameters": [
          {
            "name": "dev_eui",
            "description": "Device EUI (HEX encoded).",
            "in": "path",
            "required": true,
            "type": "string"
          }
        ],
        "tags": [
          "DeviceQueueService"
        ]
      }
    },
    "/api/devices/{device_queue_item.dev_eui}/queue": {
      "post": {
        "summary": "Enqueue adds the given item to the device-queue.",
        "operationId": "Enqueue",
        "responses": {
          "200": {
            "description": "A successful response.",
            "schema": {
              "$ref": "#/definitions/apiEnqueueDeviceQueueItemResponse"
            }
          }
        },
        "parameters": [
          {
            "name": "device_queue_item.dev_eui",
            "description": "Device EUI (HEX encoded).",
            "in": "path",
            "required": true,
            "type": "string"
          },
          {
            "name": "body",
            "in": "body",
            "required": true,
            "schema": {
              "$ref": "#/definitions/apiEnqueueDeviceQueueItemRequest"
            }
          }
        ],
        "tags": [
          "DeviceQueueService"
        ]
      }
    }
  },
  "definitions": {
    "apiDeviceQueueItem": {
      "type": "object",
      "properties": {
        "devEUI": {
          "type": "string",
          "description": "Device EUI (HEX encoded)."
        },
        "confirmed": {
          "type": "boolean",
          "format": "boolean",
          "description": "Set this to true when an acknowledgement from the device is required.\nPlease note that this must not be used to guarantee a delivery."
        },
        "fCnt": {
          "type": "integer",
          "format": "int64",
          "description": "Downlink frame-counter.\nThis will be automatically set on enquue."
        },
        "fPort": {
          "type": "integer",
          "format": "int64",
          "title": "FPort used (must be \u003e 0)"
        },
        "data": {
          "type": "string",
          "format": "byte",
          "description": "Base64 encoded data.\nOr use the json_object field when an application codec has been configured."
        },
        "jsonObject": {
          "type": "string",
          "description": "JSON object (string).\nOnly use this when an application codec has been configured that can convert\nthis object into binary form."
        }
      }
    },
    "apiEnqueueDeviceQueueItemRequest": {
      "type": "object",
      "properties": {
        "deviceQueueItem": {
          "$ref": "#/definitions/apiDeviceQueueItem",
          "description": "Queue-item object to enqueue."
        }
      }
    },
    "apiEnqueueDeviceQueueItemResponse": {
      "type": "object",
      "properties": {
        "fCnt": {
          "type": "integer",
          "format": "int64",
          "description": "Frame-counter for the enqueued payload."
        }
      }
    },
    "apiListDeviceQueueItemsResponse": {
      "type": "object",
      "properties": {
        "deviceQueueItems": {
          "type": "array",
          "items": {
            "$ref": "#/definitions/apiDeviceQueueItem"
          },
          "description": "The device queue items."
        },
        "totalCount": {
          "type": "integer",
          "format": "int64",
          "description": "Total number of items in the queue."
        }
      }
    }
  }
}
