{
  "swagger": "2.0",
  "info": {
    "title": "as/external/api/gatewayProfile.proto",
    "version": "version not set"
  },
  "schemes": [
    "http",
    "https"
  ],
  "consumes": [
    "application/json"
  ],
  "produces": [
    "application/json"
  ],
  "paths": {
    "/api/gateway-profiles": {
      "get": {
        "summary": "List returns the existing gateway-profiles.",
        "operationId": "List",
        "responses": {
          "200": {
            "description": "A successful response.",
            "schema": {
              "$ref": "#/definitions/apiListGatewayProfilesResponse"
            }
          }
        },
        "parameters": [
          {
            "name": "limit",
            "description": "Max number of items to return.",
            "in": "query",
            "required": false,
            "type": "string",
            "format": "int64"
          },
          {
            "name": "offset",
            "description": "Offset in the result-set (for pagination).",
            "in": "query",
            "required": false,
            "type": "string",
            "format": "int64"
          },
          {
            "name": "networkServerID",
            "description": "Network-server ID to filter on (optional).",
            "in": "query",
            "required": false,
            "type": "string",
            "format": "int64"
          }
        ],
        "tags": [
          "GatewayProfileService"
        ]
      },
      "post": {
        "summary": "Create creates the given gateway-profile.",
        "operationId": "Create",
        "responses": {
          "200": {
            "description": "A successful response.",
            "schema": {
              "$ref": "#/definitions/apiCreateGatewayProfileResponse"
            }
          }
        },
        "parameters": [
          {
            "name": "body",
            "in": "body",
            "required": true,
            "schema": {
              "$ref": "#/definitions/apiCreateGatewayProfileRequest"
            }
          }
        ],
        "tags": [
          "GatewayProfileService"
        ]
      }
    },
    "/api/gateway-profiles/{gateway_profile.id}": {
      "put": {
        "summary": "Update updates the given gateway-profile.",
        "operationId": "Update",
        "responses": {
          "200": {
            "description": "A successful response.",
            "schema": {
              "properties": {}
            }
          }
        },
        "parameters": [
          {
            "name": "gateway_profile.id",
            "description": "Gateway-profile ID (UUID string).",
            "in": "path",
            "required": true,
            "type": "string"
          },
          {
            "name": "body",
            "in": "body",
            "required": true,
            "schema": {
              "$ref": "#/definitions/apiUpdateGatewayProfileRequest"
            }
          }
        ],
        "tags": [
          "GatewayProfileService"
        ]
      }
    },
    "/api/gateway-profiles/{id}": {
      "get": {
        "summary": "Get returns the gateway-profile matching the given id.",
        "operationId": "Get",
        "responses": {
          "200": {
            "description": "A successful response.",
            "schema": {
              "$ref": "#/definitions/apiGetGatewayProfileResponse"
            }
          }
        },
        "parameters": [
          {
            "name": "id",
            "description": "Gateway-profile ID (UUID string).",
            "in": "path",
            "required": true,
            "type": "string"
          }
        ],
        "tags": [
          "GatewayProfileService"
        ]
      },
      "delete": {
        "summary": "Delete deletes the gateway-profile matching the given id.",
        "operationId": "Delete",
        "responses": {
          "200": {
            "description": "A successful response.",
            "schema": {
              "properties": {}
            }
          }
        },
        "parameters": [
          {
            "name": "id",
            "description": "Gateway-profile id (UUID string).",
            "in": "path",
            "required": true,
            "type": "string"
          }
        ],
        "tags": [
          "GatewayProfileService"
        ]
      }
    }
  },
  "definitions": {
    "apiCreateGatewayProfileRequest": {
      "type": "object",
      "properties": {
        "gatewayProfile": {
          "$ref": "#/definitions/apiGatewayProfile",
          "description": "Gateway-profile object to create."
        }
      }
    },
    "apiCreateGatewayProfileResponse": {
      "type": "object",
      "properties": {
        "id": {
          "type": "string",
          "description": "Gateway-profile ID (UUID string)."
        }
      }
    },
    "apiGatewayProfile": {
      "type": "object",
      "properties": {
        "id": {
          "type": "string",
          "description": "Gateway-profile ID (UUID string)."
        },
        "name": {
          "type": "string",
          "description": "Name of the gateway-profile."
        },
        "networkServerID": {
          "type": "string",
          "format": "int64",
          "description": "Network-server ID of the gateway-profile."
        },
        "channels": {
          "type": "array",
          "items": {
            "type": "integer",
            "format": "int64"
          },
          "description": "Default channels (channels specified by the LoRaWAN Regional Parameters\nspecification) enabled for this configuration."
        },
        "extraChannels": {
          "type": "array",
          "items": {
            "$ref": "#/definitions/apiGatewayProfileExtraChannel"
          },
          "description": "Extra channels added to the channel-configuration (in case the LoRaWAN\nregion supports adding custom channels)."
        }
      }
    },
    "apiGatewayProfileExtraChannel": {
      "type": "object",
      "properties": {
        "modulation": {
          "$ref": "#/definitions/commonModulation",
          "description": "Modulation."
        },
        "frequency": {
          "type": "integer",
          "format": "int64",
          "description": "Frequency."
        },
        "bandwidth": {
          "type": "integer",
          "format": "int64",
          "description": "Bandwidth."
        },
        "bitrate": {
          "type": "integer",
          "format": "int64",
          "description": "Bitrate (in case of FSK modulation)."
        },
        "spreadingFactors": {
          "type": "array",
          "items": {
            "type": "integer",
            "format": "int64"
          },
          "description": "Spreading factors (in case of LoRa modulation)."
        }
      }
    },
    "apiGatewayProfileListItem": {
      "type": "object",
      "properties": {
        "id": {
          "type": "string",
          "description": "Gateway-profile ID (UUID string)."
        },
        "name": {
          "type": "string",
          "title": "Gateway-profile name,"
        },
        "networkServerID": {
          "type": "string",
          "format": "int64",
          "description": "Network-server ID on which the gateway-profile is provisioned."
        },
        "networkServerName": {
          "type": "string",
          "description": "Network-server name."
        },
        "createdAt": {
          "type": "string",
          "format": "date-time",
          "description": "Created at timestamp."
        },
        "updatedAt": {
          "type": "string",
          "format": "date-time",
          "description": "Last update timestamp."
        }
      }
    },
    "apiGetGatewayProfileResponse": {
      "type": "object",
      "properties": {
        "gatewayProfile": {
          "$ref": "#/definitions/apiGatewayProfile",
          "description": "Gateway-profile object."
        },
        "createdAt": {
          "type": "string",
          "format": "date-time",
          "description": "Created at timestamp."
        },
        "updatedAt": {
          "type": "string",
          "format": "date-time",
          "description": "Last update timestamp."
        }
      }
    },
    "apiListGatewayProfilesResponse": {
      "type": "object",
      "properties": {
        "totalCount": {
          "type": "string",
          "format": "int64",
          "description": "Total number of gateway-profiles."
        },
        "result": {
          "type": "array",
          "items": {
            "$ref": "#/definitions/apiGatewayProfileListItem"
          }
        }
      }
    },
    "apiUpdateGatewayProfileRequest": {
      "type": "object",
      "properties": {
        "gatewayProfile": {
          "$ref": "#/definitions/apiGatewayProfile",
          "description": "Gateway-profile object to update."
        }
      }
    },
    "commonModulation": {
      "type": "string",
      "enum": [
        "LORA",
        "FSK"
      ],
      "default": "LORA",
      "title": "- LORA: LoRa\n - FSK: FSK"
    }
  }
}
