{
  "swagger": "2.0",
  "info": {
    "title": "as/external/api/networkServer.proto",
    "version": "version not set"
  },
  "schemes": [
    "http",
    "https"
  ],
  "consumes": [
    "application/json"
  ],
  "produces": [
    "application/json"
  ],
  "paths": {
    "/api/network-servers": {
      "get": {
        "summary": "List lists the available network-servers.",
        "operationId": "List",
        "responses": {
          "200": {
            "description": "A successful response.",
            "schema": {
              "$ref": "#/definitions/apiListNetworkServerResponse"
            }
          }
        },
        "parameters": [
          {
            "name": "limit",
            "description": "Max number of items to return.",
            "in": "query",
            "required": false,
            "type": "string",
            "format": "int64"
          },
          {
            "name": "offset",
            "description": "Offset in the result-set (for pagination).",
            "in": "query",
            "required": false,
            "type": "string",
            "format": "int64"
          },
          {
            "name": "organizationID",
            "description": "Organization id to filter on.",
            "in": "query",
            "required": false,
            "type": "string",
            "format": "int64"
          }
        ],
        "tags": [
          "NetworkServerService"
        ]
      },
      "post": {
        "summary": "Create creates the given network-server.",
        "operationId": "Create",
        "responses": {
          "200": {
            "description": "A successful response.",
            "schema": {
              "$ref": "#/definitions/apiCreateNetworkServerResponse"
            }
          }
        },
        "parameters": [
          {
            "name": "body",
            "in": "body",
            "required": true,
            "schema": {
              "$ref": "#/definitions/apiCreateNetworkServerRequest"
            }
          }
        ],
        "tags": [
          "NetworkServerService"
        ]
      }
    },
    "/api/network-servers/{id}": {
      "get": {
        "summary": "Get returns the network-server matching the given id.",
        "operationId": "Get",
        "responses": {
          "200": {
            "description": "A successful response.",
            "schema": {
              "$ref": "#/definitions/apiGetNetworkServerResponse"
            }
          }
        },
        "parameters": [
          {
            "name": "id",
            "description": "Network-server ID.",
            "in": "path",
            "required": true,
            "type": "string",
            "format": "int64"
          }
        ],
        "tags": [
          "NetworkServerService"
        ]
      },
      "delete": {
        "summary": "Delete deletes the network-server matching the given id.",
        "operationId": "Delete",
        "responses": {
          "200": {
            "description": "A successful response.",
            "schema": {
              "properties": {}
            }
          }
        },
        "parameters": [
          {
            "name": "id",
            "description": "Network-server ID.",
            "in": "path",
            "required": true,
            "type": "string",
            "format": "int64"
          }
        ],
        "tags": [
          "NetworkServerService"
        ]
      }
    },
    "/api/network-servers/{network_server.id}": {
      "put": {
        "summary": "Update updates the given network-server.",
        "operationId": "Update",
        "responses": {
          "200": {
            "description": "A successful response.",
            "schema": {
              "properties": {}
            }
          }
        },
        "parameters": [
          {
            "name": "network_server.id",
            "description": "Network-server ID.",
            "in": "path",
            "required": true,
            "type": "string",
            "format": "int64"
          },
          {
            "name": "body",
            "in": "body",
            "required": true,
            "schema": {
              "$ref": "#/definitions/apiUpdateNetworkServerRequest"
            }
          }
        ],
        "tags": [
          "NetworkServerService"
        ]
      }
    }
  },
  "definitions": {
    "apiCreateNetworkServerRequest": {
      "type": "object",
      "properties": {
        "networkServer": {
          "$ref": "#/definitions/apiNetworkServer",
          "description": "Network-server object to create."
        }
      }
    },
    "apiCreateNetworkServerResponse": {
      "type": "object",
      "properties": {
        "id": {
          "type": "string",
          "format": "int64",
          "description": "Network-server ID."
        }
      }
    },
    "apiGetNetworkServerResponse": {
      "type": "object",
      "properties": {
        "networkServer": {
          "$ref": "#/definitions/apiNetworkServer",
          "description": "Network-server object."
        },
        "createdAt": {
          "type": "string",
          "format": "date-time",
          "description": "Created at timestamp."
        },
        "updatedAt": {
          "type": "string",
          "format": "date-time",
          "description": "Last update timestamp."
        },
        "version": {
          "type": "string",
          "description": "The ChirpStack Network Server version."
        },
        "region": {
          "type": "string",
          "description": "The ChirpStack Network Server region configured."
        }
      }
    },
    "apiListNetworkServerResponse": {
      "type": "object",
      "properties": {
        "totalCount": {
          "type": "string",
          "format": "int64",
          "description": "Total number of network-servers."
        },
        "result": {
          "type": "array",
          "items": {
            "$ref": "#/definitions/apiNetworkServerListItem"
          },
          "description": "Network-servers within the result-set."
        }
      }
    },
    "apiNetworkServer": {
      "type": "object",
      "properties": {
        "id": {
          "type": "string",
          "format": "int64",
          "description": "Network-server ID."
        },
        "name": {
          "type": "string",
          "description": "Network-server name."
        },
        "server": {
          "type": "string",
          "description": "Network-server server.\nFormat: hostname:ip (e.g. localhost:8000)."
        },
        "caCert": {
          "type": "string",
          "description": "CA certificate (optional)."
        },
        "tlsCert": {
          "type": "string",
          "description": "TLS (client) certificate for connecting to the network-server (optional)."
        },
        "tlsKey": {
          "type": "string",
          "description": "TLS (client) key for connecting to the network-server (optional)."
        },
        "routingProfileCACert": {
          "type": "string",
          "description": "Routing-profile ca certificate (used by the network-server to connect\nback to the application-server) (optional)."
        },
        "routingProfileTLSCert": {
          "type": "string",
          "description": "Routing-profile TLS certificate (used by the network-server to connect\nback to the application-server) (optional)."
        },
        "routingProfileTLSKey": {
          "type": "string",
          "description": "Routing-profile TLS key (used by the network-server to connect\nback to the application-server) (optional)."
        },
        "gatewayDiscoveryEnabled": {
          "type": "boolean",
          "format": "boolean",
          "description": "Enable gateway discovery for this network-server."
        },
        "gatewayDiscoveryInterval": {
          "type": "integer",
          "format": "int64",
          "description": "The number of times per day the gateway discovery 'ping' must be\nbroadcasted per gateway."
        },
        "gatewayDiscoveryTXFrequency": {
          "type": "integer",
          "format": "int64",
          "description": "The frequency (Hz) of the gateway discovery 'ping'."
        },
        "gatewayDiscoveryDR": {
          "type": "integer",
          "format": "int64",
          "description": "The data-rate of the gateway discovery 'ping'."
        }
      }
    },
    "apiNetworkServerListItem": {
      "type": "object",
      "properties": {
        "id": {
          "type": "string",
          "format": "int64",
          "description": "Network-server ID."
        },
        "name": {
          "type": "string",
          "description": "Network-server name."
        },
        "server": {
          "type": "string",
          "description": "Network-server server.\nFormat: hostname:ip (e.g. localhost:8000)."
        },
        "createdAt": {
          "type": "string",
          "format": "date-time",
          "description": "Created at timestamp."
        },
        "updatedAt": {
          "type": "string",
          "format": "date-time",
          "description": "Last update timestamp."
        }
      }
    },
    "apiUpdateNetworkServerRequest": {
      "type": "object",
      "properties": {
        "networkServer": {
          "$ref": "#/definitions/apiNetworkServer",
          "description": "Network-server object to update."
        }
      }
    }
  }
}
