{
  "swagger": "2.0",
  "info": {
    "title": "as/external/api/user.proto",
    "version": "version not set"
  },
  "schemes": [
    "http",
    "https"
  ],
  "consumes": [
    "application/json"
  ],
  "produces": [
    "application/json"
  ],
  "paths": {
    "/api/users": {
      "get": {
        "summary": "Get user list.",
        "operationId": "List",
        "responses": {
          "200": {
            "description": "A successful response.",
            "schema": {
              "$ref": "#/definitions/apiListUserResponse"
            }
          }
        },
        "parameters": [
          {
            "name": "limit",
            "description": "Max number of user to return in the result-set.",
            "in": "query",
            "required": false,
            "type": "string",
            "format": "int64"
          },
          {
            "name": "offset",
            "description": "Offset in the result-set (for pagination).",
            "in": "query",
            "required": false,
            "type": "string",
            "format": "int64"
          },
          {
            "name": "search",
            "description": "When provided, the given string will be used to search on username.",
            "in": "query",
            "required": false,
            "type": "string"
          }
        ],
        "tags": [
          "UserService"
        ]
      },
      "post": {
        "summary": "Create a new user.",
        "operationId": "Create",
        "responses": {
          "200": {
            "description": "A successful response.",
            "schema": {
              "$ref": "#/definitions/apiCreateUserResponse"
            }
          }
        },
        "parameters": [
          {
            "name": "body",
            "in": "body",
            "required": true,
            "schema": {
              "$ref": "#/definitions/apiCreateUserRequest"
            }
          }
        ],
        "tags": [
          "UserService"
        ]
      }
    },
    "/api/users/{id}": {
      "get": {
        "summary": "Get data for a particular user.",
        "operationId": "Get",
        "responses": {
          "200": {
            "description": "A successful response.",
            "schema": {
              "$ref": "#/definitions/apiGetUserResponse"
            }
          }
        },
        "parameters": [
          {
            "name": "id",
            "description": "User ID.",
            "in": "path",
            "required": true,
            "type": "string",
            "format": "int64"
          }
        ],
        "tags": [
          "UserService"
        ]
      },
      "delete": {
        "summary": "Delete a user.",
        "operationId": "Delete",
        "responses": {
          "200": {
            "description": "A successful response.",
            "schema": {
              "properties": {}
            }
          }
        },
        "parameters": [
          {
            "name": "id",
            "description": "User ID.",
            "in": "path",
            "required": true,
            "type": "string",
            "format": "int64"
          }
        ],
        "tags": [
          "UserService"
        ]
      }
    },
    "/api/users/{user.id}": {
      "put": {
        "summary": "Update an existing user.",
        "operationId": "Update",
        "responses": {
          "200": {
            "description": "A successful response.",
            "schema": {
              "properties": {}
            }
          }
        },
        "parameters": [
          {
            "name": "user.id",
            "description": "User ID.\nWill be set automatically on create.",
            "in": "path",
            "required": true,
            "type": "string",
            "format": "int64"
          },
          {
            "name": "body",
            "in": "body",
            "required": true,
            "schema": {
              "$ref": "#/definitions/apiUpdateUserRequest"
            }
          }
        ],
        "tags": [
          "UserService"
        ]
      }
    },
    "/api/users/{user_id}/password": {
      "put": {
        "summary": "UpdatePassword updates a password.",
        "operationId": "UpdatePassword",
        "responses": {
          "200": {
            "description": "A successful response.",
            "schema": {
              "properties": {}
            }
          }
        },
        "parameters": [
          {
            "name": "user_id",
            "description": "User ID.",
            "in": "path",
            "required": true,
            "type": "string",
            "format": "int64"
          },
          {
            "name": "body",
            "in": "body",
            "required": true,
            "schema": {
              "$ref": "#/definitions/apiUpdateUserPasswordRequest"
            }
          }
        ],
        "tags": [
          "UserService"
        ]
      }
    }
  },
  "definitions": {
    "apiCreateUserRequest": {
      "type": "object",
      "properties": {
        "user": {
          "$ref": "#/definitions/apiUser",
          "description": "User object to create."
        },
        "password": {
          "type": "string",
          "description": "Password of the user."
        },
        "organizations": {
          "type": "array",
          "items": {
            "$ref": "#/definitions/apiUserOrganization"
          },
          "description": "Add the user to the following organizations."
        }
      }
    },
    "apiCreateUserResponse": {
      "type": "object",
      "properties": {
        "id": {
          "type": "string",
          "format": "int64",
          "description": "User ID."
        }
      }
    },
    "apiGetUserResponse": {
      "type": "object",
      "properties": {
        "user": {
          "$ref": "#/definitions/apiUser",
          "description": "User object."
        },
        "createdAt": {
          "type": "string",
          "format": "date-time",
          "description": "Created at timestamp."
        },
        "updatedAt": {
          "type": "string",
          "format": "date-time",
          "description": "Last update timestamp."
        }
      }
    },
    "apiListUserResponse": {
      "type": "object",
      "properties": {
        "totalCount": {
          "type": "string",
          "format": "int64",
          "description": "Total number of users."
        },
        "result": {
          "type": "array",
          "items": {
            "$ref": "#/definitions/apiUserListItem"
          },
          "description": "Result-set."
        }
      }
    },
    "apiUpdateUserPasswordRequest": {
      "type": "object",
      "properties": {
        "userId": {
          "type": "string",
          "format": "int64",
          "description": "User ID."
        },
        "password": {
          "type": "string",
          "description": "New pasword."
        }
      }
    },
    "apiUpdateUserRequest": {
      "type": "object",
      "properties": {
        "user": {
          "$ref": "#/definitions/apiUser",
          "description": "User object to update."
        }
      }
    },
    "apiUser": {
      "type": "object",
      "properties": {
        "id": {
          "type": "string",
          "format": "int64",
          "description": "User ID.\nWill be set automatically on create."
        },
        "username": {
          "type": "string",
          "description": "Username of the user."
        },
        "sessionTTL": {
          "type": "integer",
          "format": "int32",
          "description": "The session timeout, in minutes."
        },
        "isAdmin": {
          "type": "boolean",
          "format": "boolean",
          "description": "Set to true to make the user a global administrator."
        },
        "isActive": {
          "type": "boolean",
          "format": "boolean",
          "description": "Set to false to disable the user."
        },
        "email": {
          "type": "string",
          "description": "E-mail of the user."
        },
        "note": {
          "type": "string",
          "description": "Optional note to store with the user."
        }
      }
    },
    "apiUserListItem": {
      "type": "object",
      "properties": {
        "id": {
          "type": "string",
          "format": "int64",
          "description": "User ID.\nWill be set automatically on create."
        },
        "username": {
          "type": "string",
          "description": "Username of the user."
        },
        "sessionTTL": {
          "type": "integer",
          "format": "int32",
          "description": "The session timeout, in minutes."
        },
        "isAdmin": {
          "type": "boolean",
          "format": "boolean",
          "description": "Set to true to make the user a global administrator."
        },
        "isActive": {
          "type": "boolean",
          "format": "boolean",
          "description": "Set to false to disable the user."
        },
        "createdAt": {
          "type": "string",
          "format": "date-time",
          "description": "Created at timestamp."
        },
        "updatedAt": {
          "type": "string",
          "format": "date-time",
          "description": "Last update timestamp."
        }
      }
    },
    "apiUserOrganization": {
      "type": "object",
      "properties": {
        "organizationID": {
          "type": "string",
          "format": "int64",
          "description": "Organization ID."
        },
        "isAdmin": {
          "type": "boolean",
          "format": "boolean",
          "description": "User is admin within the context of the organization.\nThere is no need to set the is_device_admin and is_gateway_admin flags."
        },
        "isDeviceAdmin": {
          "type": "boolean",
          "format": "boolean",
          "description": "User is able to modify device related resources (applications,\ndevice-profiles, devices, multicast-groups)."
        },
        "isGatewayAdmin": {
          "type": "boolean",
          "format": "boolean",
          "description": "User is able to modify gateways."
        }
      }
    }
  }
}
